2Simulación,Caudal (m³/s)
1,1.806294
2,1.814013
3,1.815953
4,1.810145
5,1.815953
6,1.815953
7,1.815953
8,1.814013
9,1.812077
10,1.815953
11,1.806294
12,1.810145
13,1.810145
14,1.821798
15,1.815953
16,1.812077
17,1.817897
18,1.808217
19,1.808217
20,1.810145
21,1.814013
22,1.808217
23,1.815953
24,1.817897
25,1.812077
26,1.814013
27,1.806294
28,1.808217
29,1.808217
30,1.812077
31,1.817897
32,1.815953
33,1.814013
34,1.819846
35,1.812077
36,1.814013
37,1.812077
38,1.808217
39,1.819846
40,1.812077
41,1.815953
42,1.815953
43,1.810145
44,1.817897
45,1.817897
46,1.814013
47,1.817897
48,1.817897
49,1.812077
50,1.810145
51,1.821798
52,1.817897
53,1.819846
54,1.815953
55,1.814013
56,1.825716
57,1.810145
58,1.810145
59,1.812077
60,1.815953
61,1.821798
62,1.817897
63,1.810145
64,1.808217
65,1.819846
66,1.815953
67,1.814013
68,1.810145
69,1.810145
70,1.815953
71,1.808217
72,1.810145
73,1.808217
74,1.823755
75,1.819846
76,1.815953
77,1.814013
78,1.812077
79,1.806294
80,1.808217
81,1.817897
82,1.806294
83,1.804374
84,1.808217
85,1.819846
86,1.800547
87,1.819846
88,1.817897
89,1.819846
90,1.808217
91,1.823755
92,1.815953
93,1.821798
94,1.814013
95,1.806294
96,1.815953
97,1.810145
98,1.815953
99,1.819846
100,1.812077
101,1.819846
102,1.814013
103,1.814013
104,1.808217
105,1.814013
106,1.806294
107,1.810145
108,1.819846
109,1.810145
110,1.812077
111,1.821798
112,1.810145
113,1.812077
114,1.808217
115,1.814013
116,1.817897
117,1.817897
118,1.819846
119,1.814013
120,1.812077
121,1.814013
122,1.815953
123,1.819846
124,1.817897
125,1.808217
126,1.812077
127,1.806294
128,1.819846
129,1.810145
130,1.815953
131,1.802459
132,1.814013
133,1.814013
134,1.810145
135,1.815953
136,1.804374
137,1.815953
138,1.812077
139,1.808217
140,1.808217
141,1.815953
142,1.814013
143,1.814013
144,1.817897
145,1.815953
146,1.814013
147,1.812077
148,1.819846
149,1.823755
150,1.806294
151,1.815953
152,1.819846
153,1.814013
154,1.819846
155,1.815953
156,1.814013
157,1.817897
158,1.814013
159,1.808217
160,1.815953
161,1.806294
162,1.815953
163,1.812077
164,1.804374
165,1.810145
166,1.821798
167,1.817897
168,1.812077
169,1.823755
170,1.808217
171,1.815953
172,1.814013
173,1.812077
174,1.814013
175,1.808217
176,1.812077
177,1.823755
178,1.815953
179,1.802459
180,1.815953
181,1.808217
182,1.823755
183,1.810145
184,1.810145
185,1.814013
186,1.812077
187,1.821798
188,1.810145
189,1.810145
190,1.812077
191,1.806294
192,1.810145
193,1.810145
194,1.817897
195,1.812077
196,1.808217
197,1.814013
198,1.802459
199,1.815953
200,1.814013
201,1.810145
202,1.815953
203,1.825716
204,1.808217
205,1.814013
206,1.812077
207,1.815953
208,1.814013
209,1.808217
210,1.814013
211,1.808217
212,1.812077
213,1.806294
214,1.819846
215,1.804374
216,1.810145
217,1.812077
218,1.812077
219,1.806294
220,1.821798
221,1.814013
222,1.821798
223,1.806294
224,1.814013
225,1.812077
226,1.819846
227,1.814013
228,1.810145
229,1.814013
230,1.821798
231,1.810145
232,1.819846
233,1.819846
234,1.817897
235,1.810145
236,1.814013
237,1.817897
238,1.814013
239,1.817897
240,1.812077
241,1.810145
242,1.814013
243,1.814013
244,1.814013
245,1.810145
246,1.812077
247,1.812077
248,1.821798
249,1.810145
250,1.819846
251,1.812077
252,1.808217
253,1.819846
254,1.815953
255,1.817897
256,1.815953
257,1.819846
258,1.812077
259,1.810145
260,1.802459
261,1.817897
262,1.814013
263,1.819846
264,1.814013
265,1.804374
266,1.812077
267,1.808217
268,1.806294
269,1.808217
270,1.812077
271,1.812077
272,1.819846
273,1.819846
274,1.814013
275,1.815953
276,1.808217
277,1.810145
278,1.808217
279,1.804374
280,1.819846
281,1.819846
282,1.814013
283,1.812077
284,1.808217
285,1.808217
286,1.810145
287,1.814013
288,1.802459
289,1.812077
290,1.810145
291,1.821798
292,1.821798
293,1.812077
294,1.812077
295,1.806294
296,1.810145
297,1.806294
298,1.821798
299,1.817897
300,1.810145
301,1.810145
302,1.814013
303,1.812077
304,1.808217
305,1.812077
306,1.815953
307,1.810145
308,1.815953
309,1.815953
310,1.812077
311,1.812077
312,1.817897
313,1.815953
314,1.819846
315,1.815953
316,1.810145
317,1.814013
318,1.819846
319,1.825716
320,1.821798
321,1.819846
322,1.815953
323,1.812077
324,1.806294
325,1.819846
326,1.823755
327,1.815953
328,1.815953
329,1.815953
330,1.819846
331,1.808217
332,1.812077
333,1.825716
334,1.814013
335,1.808217
336,1.814013
337,1.814013
338,1.812077
339,1.815953
340,1.814013
341,1.814013
342,1.808217
343,1.812077
344,1.819846
345,1.815953
346,1.815953
347,1.804374
348,1.819846
349,1.814013
350,1.814013
351,1.812077
352,1.810145
353,1.819846
354,1.819846
355,1.812077
356,1.815953
357,1.812077
358,1.815953
359,1.819846
360,1.806294
361,1.817897
362,1.814013
363,1.815953
364,1.814013
365,1.817897
366,1.812077
367,1.804374
368,1.815953
369,1.815953
370,1.817897
371,1.819846
372,1.802459
373,1.812077
374,1.806294
375,1.815953
376,1.812077
377,1.819846
378,1.810145
379,1.815953
380,1.800547
381,1.810145
382,1.815953
383,1.808217
384,1.823755
385,1.819846
386,1.804374
387,1.812077
388,1.819846
389,1.802459
390,1.814013
391,1.815953
392,1.819846
393,1.812077
394,1.814013
395,1.817897
396,1.812077
397,1.810145
398,1.806294
399,1.821798
400,1.808217
401,1.819846
402,1.812077
403,1.817897
404,1.812077
405,1.823755
406,1.817897
407,1.814013
408,1.808217
409,1.815953
410,1.819846
411,1.810145
412,1.821798
413,1.817897
414,1.814013
415,1.814013
416,1.808217
417,1.817897
418,1.817897
419,1.812077
420,1.804374
421,1.817897
422,1.812077
423,1.812077
424,1.815953
425,1.814013
426,1.808217
427,1.814013
428,1.808217
429,1.815953
430,1.819846
431,1.815953
432,1.804374
433,1.821798
434,1.808217
435,1.814013
436,1.815953
437,1.814013
438,1.817897
439,1.812077
440,1.814013
441,1.810145
442,1.808217
443,1.812077
444,1.821798
445,1.817897
446,1.806294
447,1.815953
448,1.825716
449,1.819846
450,1.802459
451,1.804374
452,1.817897
453,1.815953
454,1.821798
455,1.823755
456,1.814013
457,1.817897
458,1.79864
459,1.814013
460,1.817897
461,1.815953
462,1.817897
463,1.815953
464,1.825716
465,1.814013
466,1.812077
467,1.806294
468,1.810145
469,1.821798
470,1.812077
471,1.815953
472,1.821798
473,1.812077
474,1.815953
475,1.810145
476,1.810145
477,1.825716
478,1.821798
479,1.812077
480,1.810145
481,1.815953
482,1.815953
483,1.814013
484,1.812077
485,1.804374
486,1.815953
487,1.812077
488,1.814013
489,1.812077
490,1.812077
491,1.810145
492,1.814013
493,1.821798
494,1.815953
495,1.810145
496,1.821798
497,1.815953
498,1.817897
499,1.808217
500,1.812077
501,1.814013
502,1.812077
503,1.814013
504,1.815953
505,1.806294
506,1.814013
507,1.815953
508,1.808217
509,1.821798
510,1.79864
511,1.806294
512,1.812077
513,1.814013
514,1.817897
515,1.821798
516,1.823755
517,1.812077
518,1.819846
519,1.817897
520,1.808217
521,1.806294
522,1.808217
523,1.814013
524,1.810145
525,1.810145
526,1.812077
527,1.812077
528,1.819846
529,1.810145
530,1.817897
531,1.821798
532,1.810145
533,1.815953
534,1.810145
535,1.812077
536,1.817897
537,1.812077
538,1.817897
539,1.817897
540,1.814013
541,1.812077
542,1.806294
543,1.817897
544,1.810145
545,1.810145
546,1.817897
547,1.814013
548,1.810145
549,1.812077
550,1.817897
551,1.814013
552,1.814013
553,1.806294
554,1.819846
555,1.815953
556,1.808217
557,1.812077
558,1.815953
559,1.821798
560,1.810145
561,1.819846
562,1.815953
563,1.817897
564,1.814013
565,1.815953
566,1.814013
567,1.802459
568,1.808217
569,1.821798
570,1.812077
571,1.814013
572,1.823755
573,1.815953
574,1.814013
575,1.810145
576,1.814013
577,1.806294
578,1.817897
579,1.815953
580,1.810145
581,1.819846
582,1.814013
583,1.810145
584,1.804374
585,1.817897
586,1.810145
587,1.812077
588,1.815953
589,1.808217
590,1.810145
591,1.814013
592,1.814013
593,1.815953
594,1.814013
595,1.808217
596,1.814013
597,1.814013
598,1.812077
599,1.812077
600,1.821798
601,1.814013
602,1.814013
603,1.821798
604,1.815953
605,1.819846
606,1.819846
607,1.806294
608,1.815953
609,1.810145
610,1.812077
611,1.814013
612,1.815953
613,1.823755
614,1.814013
615,1.823755
616,1.814013
617,1.812077
618,1.812077
619,1.814013
620,1.812077
621,1.814013
622,1.812077
623,1.821798
624,1.817897
625,1.810145
626,1.814013
627,1.817897
628,1.810145
629,1.817897
630,1.821798
631,1.806294
632,1.814013
633,1.808217
634,1.817897
635,1.817897
636,1.810145
637,1.812077
638,1.808217
639,1.812077
640,1.815953
641,1.812077
642,1.819846
643,1.815953
644,1.817897
645,1.812077
646,1.814013
647,1.814013
648,1.812077
649,1.808217
650,1.814013
651,1.815953
652,1.815953
653,1.815953
654,1.810145
655,1.817897
656,1.814013
657,1.819846
658,1.815953
659,1.817897
660,1.814013
661,1.808217
662,1.815953
663,1.819846
664,1.821798
665,1.817897
666,1.823755
667,1.808217
668,1.815953
669,1.814013
670,1.810145
671,1.812077
672,1.815953
673,1.817897
674,1.823755
675,1.808217
676,1.808217
677,1.814013
678,1.810145
679,1.814013
680,1.810145
681,1.808217
682,1.808217
683,1.821798
684,1.810145
685,1.812077
686,1.823755
687,1.814013
688,1.815953
689,1.817897
690,1.819846
691,1.815953
692,1.817897
693,1.814013
694,1.814013
695,1.817897
696,1.817897
697,1.804374
698,1.812077
699,1.825716
700,1.814013
701,1.815953
702,1.817897
703,1.814013
704,1.814013
705,1.812077
706,1.812077
707,1.802459
708,1.817897
709,1.821798
710,1.814013
711,1.812077
712,1.802459
713,1.817897
714,1.815953
715,1.812077
716,1.817897
717,1.810145
718,1.804374
719,1.806294
720,1.817897
721,1.814013
722,1.814013
723,1.810145
724,1.817897
725,1.821798
726,1.814013
727,1.812077
728,1.821798
729,1.821798
730,1.814013
731,1.804374
732,1.814013
733,1.814013
734,1.821798
735,1.812077
736,1.808217
737,1.810145
738,1.814013
739,1.810145
740,1.819846
741,1.814013
742,1.819846
743,1.823755
744,1.806294
745,1.815953
746,1.817897
747,1.814013
748,1.814013
749,1.812077
750,1.810145
751,1.821798
752,1.806294
753,1.815953
754,1.817897
755,1.814013
756,1.817897
757,1.808217
758,1.812077
759,1.815953
760,1.808217
761,1.815953
762,1.819846
763,1.815953
764,1.810145
765,1.817897
766,1.815953
767,1.819846
768,1.815953
769,1.821798
770,1.814013
771,1.814013
772,1.810145
773,1.812077
774,1.810145
775,1.814013
776,1.815953
777,1.821798
778,1.814013
779,1.810145
780,1.817897
781,1.810145
782,1.808217
783,1.810145
784,1.810145
785,1.810145
786,1.814013
787,1.808217
788,1.819846
789,1.812077
790,1.817897
791,1.808217
792,1.808217
793,1.814013
794,1.812077
795,1.817897
796,1.814013
797,1.814013
798,1.806294
799,1.815953
800,1.808217
801,1.812077
802,1.806294
803,1.817897
804,1.817897
805,1.812077
806,1.823755
807,1.808217
808,1.814013
809,1.812077
810,1.812077
811,1.812077
812,1.812077
813,1.810145
814,1.817897
815,1.817897
816,1.814013
817,1.821798
818,1.812077
819,1.808217
820,1.814013
821,1.817897
822,1.814013
823,1.819846
824,1.819846
825,1.804374
826,1.815953
827,1.804374
828,1.804374
829,1.812077
830,1.810145
831,1.814013
832,1.808217
833,1.815953
834,1.812077
835,1.815953
836,1.817897
837,1.815953
838,1.814013
839,1.815953
840,1.817897
841,1.814013
842,1.817897
843,1.804374
844,1.814013
845,1.814013
846,1.808217
847,1.812077
848,1.802459
849,1.812077
850,1.814013
851,1.815953
852,1.810145
853,1.812077
854,1.812077
855,1.814013
856,1.812077
857,1.810145
858,1.817897
859,1.812077
860,1.815953
861,1.821798
862,1.817897
863,1.814013
864,1.812077
865,1.817897
866,1.808217
867,1.815953
868,1.821798
869,1.825716
870,1.819846
871,1.821798
872,1.817897
873,1.804374
874,1.808217
875,1.810145
876,1.819846
877,1.819846
878,1.810145
879,1.815953
880,1.808217
881,1.806294
882,1.810145
883,1.814013
884,1.817897
885,1.825716
886,1.821798
887,1.810145
888,1.810145
889,1.806294
890,1.806294
891,1.814013
892,1.814013
893,1.819846
894,1.819846
895,1.821798
896,1.815953
897,1.815953
898,1.821798
899,1.817897
900,1.810145
901,1.812077
902,1.812077
903,1.808217
904,1.819846
905,1.814013
906,1.812077
907,1.815953
908,1.815953
909,1.812077
910,1.817897
911,1.812077
912,1.823755
913,1.812077
914,1.810145
915,1.808217
916,1.815953
917,1.810145
918,1.823755
919,1.808217
920,1.810145
921,1.814013
922,1.817897
923,1.812077
924,1.815953
925,1.806294
926,1.804374
927,1.812077
928,1.817897
929,1.814013
930,1.808217
931,1.823755
932,1.814013
933,1.814013
934,1.817897
935,1.808217
936,1.804374
937,1.814013
938,1.817897
939,1.815953
940,1.817897
941,1.823755
942,1.821798
943,1.814013
944,1.814013
945,1.823755
946,1.817897
947,1.810145
948,1.806294
949,1.814013
950,1.810145
951,1.817897
952,1.815953
953,1.812077
954,1.810145
955,1.810145
956,1.806294
957,1.810145
958,1.810145
959,1.810145
960,1.819846
961,1.814013
962,1.814013
963,1.821798
964,1.810145
965,1.817897
966,1.814013
967,1.814013
968,1.821798
969,1.808217
970,1.812077
971,1.812077
972,1.810145
973,1.810145
974,1.817897
975,1.812077
976,1.812077
977,1.810145
978,1.808217
979,1.812077
980,1.815953
981,1.817897
982,1.808217
983,1.817897
984,1.814013
985,1.819846
986,1.802459
987,1.823755
988,1.823755
989,1.810145
990,1.819846
991,1.804374
992,1.814013
993,1.812077
994,1.817897
995,1.810145
996,1.821798
997,1.810145
998,1.815953
999,1.810145
1000,1.814013
1001,1.817897
1002,1.817897
1003,1.815953
1004,1.804374
1005,1.823755
1006,1.817897
1007,1.804374
1008,1.810145
1009,1.808217
1010,1.812077
1011,1.819846
1012,1.804374
1013,1.808217
1014,1.817897
1015,1.812077
1016,1.812077
1017,1.819846
1018,1.812077
1019,1.804374
1020,1.817897
1021,1.808217
1022,1.819846
1023,1.812077
1024,1.815953
1025,1.821798
1026,1.817897
1027,1.817897
1028,1.814013
1029,1.815953
1030,1.815953
1031,1.815953
1032,1.810145
1033,1.821798
1034,1.817897
1035,1.808217
1036,1.810145
1037,1.812077
1038,1.815953
1039,1.804374
1040,1.808217
1041,1.817897
1042,1.810145
1043,1.812077
1044,1.812077
1045,1.814013
1046,1.808217
1047,1.817897
1048,1.814013
1049,1.817897
1050,1.804374
1051,1.825716
1052,1.815953
1053,1.821798
1054,1.819846
1055,1.812077
1056,1.812077
1057,1.808217
1058,1.814013
1059,1.812077
1060,1.817897
1061,1.804374
1062,1.808217
1063,1.804374
1064,1.819846
1065,1.812077
1066,1.814013
1067,1.815953
1068,1.817897
1069,1.814013
1070,1.814013
1071,1.812077
1072,1.810145
1073,1.802459
1074,1.812077
1075,1.814013
1076,1.817897
1077,1.817897
1078,1.806294
1079,1.815953
1080,1.817897
1081,1.814013
1082,1.814013
1083,1.814013
1084,1.804374
1085,1.814013
1086,1.810145
1087,1.815953
1088,1.814013
1089,1.812077
1090,1.814013
1091,1.819846
1092,1.814013
1093,1.806294
1094,1.814013
1095,1.815953
1096,1.812077
1097,1.808217
1098,1.808217
1099,1.815953
1100,1.823755
1101,1.806294
1102,1.815953
1103,1.815953
1104,1.812077
1105,1.815953
1106,1.814013
1107,1.815953
1108,1.815953
1109,1.810145
1110,1.815953
1111,1.812077
1112,1.814013
1113,1.821798
1114,1.808217
1115,1.819846
1116,1.806294
1117,1.815953
1118,1.804374
1119,1.815953
1120,1.825716
1121,1.814013
1122,1.815953
1123,1.812077
1124,1.815953
1125,1.810145
1126,1.817897
1127,1.814013
1128,1.817897
1129,1.808217
1130,1.819846
1131,1.815953
1132,1.817897
1133,1.821798
1134,1.819846
1135,1.810145
1136,1.823755
1137,1.812077
1138,1.810145
1139,1.814013
1140,1.814013
1141,1.804374
1142,1.817897
1143,1.819846
1144,1.808217
1145,1.814013
1146,1.815953
1147,1.808217
1148,1.814013
1149,1.817897
1150,1.808217
1151,1.812077
1152,1.812077
1153,1.815953
1154,1.814013
1155,1.819846
1156,1.815953
1157,1.812077
1158,1.810145
1159,1.815953
1160,1.819846
1161,1.808217
1162,1.817897
1163,1.814013
1164,1.800547
1165,1.817897
1166,1.817897
1167,1.810145
1168,1.819846
1169,1.821798
1170,1.815953
1171,1.810145
1172,1.819846
1173,1.815953
1174,1.810145
1175,1.808217
1176,1.810145
1177,1.817897
1178,1.817897
1179,1.810145
1180,1.817897
1181,1.812077
1182,1.815953
1183,1.815953
1184,1.812077
1185,1.819846
1186,1.815953
1187,1.823755
1188,1.808217
1189,1.804374
1190,1.817897
1191,1.815953
1192,1.819846
1193,1.815953
1194,1.812077
1195,1.810145
1196,1.810145
1197,1.810145
1198,1.814013
1199,1.815953
1200,1.810145
1201,1.810145
1202,1.819846
1203,1.815953
1204,1.812077
1205,1.808217
1206,1.821798
1207,1.808217
1208,1.815953
1209,1.814013
1210,1.814013
1211,1.825716
1212,1.808217
1213,1.817897
1214,1.817897
1215,1.810145
1216,1.808217
1217,1.808217
1218,1.823755
1219,1.812077
1220,1.815953
1221,1.815953
1222,1.814013
1223,1.815953
1224,1.825716
1225,1.808217
1226,1.815953
1227,1.812077
1228,1.817897
1229,1.821798
1230,1.815953
1231,1.810145
1232,1.812077
1233,1.808217
1234,1.823755
1235,1.810145
1236,1.808217
1237,1.819846
1238,1.814013
1239,1.815953
1240,1.810145
1241,1.810145
1242,1.821798
1243,1.814013
1244,1.815953
1245,1.804374
1246,1.821798
1247,1.817897
1248,1.812077
1249,1.817897
1250,1.815953
1251,1.819846
1252,1.815953
1253,1.812077
1254,1.810145
1255,1.823755
1256,1.817897
1257,1.817897
1258,1.812077
1259,1.817897
1260,1.812077
1261,1.804374
1262,1.814013
1263,1.806294
1264,1.810145
1265,1.808217
1266,1.812077
1267,1.806294
1268,1.814013
1269,1.812077
1270,1.817897
1271,1.815953
1272,1.808217
1273,1.825716
1274,1.817897
1275,1.814013
1276,1.823755
1277,1.806294
1278,1.806294
1279,1.815953
1280,1.821798
1281,1.819846
1282,1.819846
1283,1.808217
1284,1.814013
1285,1.817897
1286,1.815953
1287,1.812077
1288,1.817897
1289,1.804374
1290,1.819846
1291,1.815953
1292,1.817897
1293,1.808217
1294,1.812077
1295,1.823755
1296,1.812077
1297,1.821798
1298,1.819846
1299,1.806294
1300,1.815953
1301,1.812077
1302,1.817897
1303,1.814013
1304,1.812077
1305,1.817897
1306,1.812077
1307,1.817897
1308,1.814013
1309,1.812077
1310,1.812077
1311,1.804374
1312,1.812077
1313,1.814013
1314,1.814013
1315,1.812077
1316,1.806294
1317,1.815953
1318,1.810145
1319,1.812077
1320,1.817897
1321,1.823755
1322,1.810145
1323,1.812077
1324,1.810145
1325,1.819846
1326,1.810145
1327,1.808217
1328,1.814013
1329,1.821798
1330,1.817897
1331,1.810145
1332,1.815953
1333,1.817897
1334,1.821798
1335,1.815953
1336,1.814013
1337,1.819846
1338,1.808217
1339,1.821798
1340,1.812077
1341,1.814013
1342,1.812077
1343,1.810145
1344,1.802459
1345,1.812077
1346,1.815953
1347,1.817897
1348,1.804374
1349,1.819846
1350,1.815953
1351,1.815953
1352,1.814013
1353,1.817897
1354,1.814013
1355,1.814013
1356,1.814013
1357,1.808217
1358,1.819846
1359,1.814013
1360,1.810145
1361,1.808217
1362,1.814013
1363,1.815953
1364,1.812077
1365,1.817897
1366,1.817897
1367,1.815953
1368,1.817897
1369,1.808217
1370,1.814013
1371,1.808217
1372,1.814013
1373,1.812077
1374,1.810145
1375,1.815953
1376,1.817897
1377,1.814013
1378,1.814013
1379,1.815953
1380,1.810145
1381,1.808217
1382,1.812077
1383,1.804374
1384,1.814013
1385,1.815953
1386,1.814013
1387,1.806294
1388,1.817897
1389,1.810145
1390,1.815953
1391,1.814013
1392,1.817897
1393,1.815953
1394,1.817897
1395,1.823755
1396,1.806294
1397,1.814013
1398,1.812077
1399,1.814013
1400,1.817897
1401,1.814013
1402,1.810145
1403,1.815953
1404,1.821798
1405,1.817897
1406,1.808217
1407,1.817897
1408,1.804374
1409,1.814013
1410,1.810145
1411,1.821798
1412,1.815953
1413,1.815953
1414,1.815953
1415,1.810145
1416,1.814013
1417,1.808217
1418,1.825716
1419,1.808217
1420,1.821798
1421,1.819846
1422,1.810145
1423,1.814013
1424,1.808217
1425,1.812077
1426,1.821798
1427,1.810145
1428,1.819846
1429,1.815953
1430,1.800547
1431,1.817897
1432,1.819846
1433,1.808217
1434,1.817897
1435,1.808217
1436,1.812077
1437,1.815953
1438,1.812077
1439,1.814013
1440,1.806294
1441,1.819846
1442,1.810145
1443,1.817897
1444,1.810145
1445,1.819846
1446,1.812077
1447,1.806294
1448,1.814013
1449,1.823755
1450,1.819846
1451,1.817897
1452,1.819846
1453,1.812077
1454,1.808217
1455,1.812077
1456,1.815953
1457,1.815953
1458,1.815953
1459,1.810145
1460,1.806294
1461,1.812077
1462,1.821798
1463,1.815953
1464,1.812077
1465,1.817897
1466,1.819846
1467,1.823755
1468,1.812077
1469,1.815953
1470,1.812077
1471,1.819846
1472,1.814013
1473,1.812077
1474,1.804374
1475,1.812077
1476,1.817897
1477,1.817897
1478,1.802459
1479,1.810145
1480,1.817897
1481,1.814013
1482,1.819846
1483,1.806294
1484,1.815953
1485,1.821798
1486,1.814013
1487,1.823755
1488,1.814013
1489,1.815953
1490,1.812077
1491,1.800547
1492,1.815953
1493,1.815953
1494,1.815953
1495,1.810145
1496,1.815953
1497,1.814013
1498,1.814013
1499,1.812077
1500,1.815953
1501,1.808217
1502,1.819846
1503,1.814013
1504,1.817897
1505,1.810145
1506,1.804374
1507,1.819846
1508,1.815953
1509,1.815953
1510,1.814013
1511,1.815953
1512,1.812077
1513,1.815953
1514,1.817897
1515,1.814013
1516,1.821798
1517,1.808217
1518,1.808217
1519,1.802459
1520,1.806294
1521,1.812077
1522,1.814013
1523,1.819846
1524,1.812077
1525,1.821798
1526,1.808217
1527,1.812077
1528,1.810145
1529,1.812077
1530,1.812077
1531,1.815953
1532,1.819846
1533,1.814013
1534,1.815953
1535,1.817897
1536,1.806294
1537,1.806294
1538,1.815953
1539,1.812077
1540,1.806294
1541,1.814013
1542,1.823755
1543,1.810145
1544,1.823755
1545,1.814013
1546,1.808217
1547,1.817897
1548,1.819846
1549,1.821798
1550,1.815953
1551,1.817897
1552,1.808217
1553,1.810145
1554,1.817897
1555,1.819846
1556,1.815953
1557,1.812077
1558,1.821798
1559,1.808217
1560,1.815953
1561,1.812077
1562,1.819846
1563,1.814013
1564,1.814013
1565,1.810145
1566,1.810145
1567,1.812077
1568,1.817897
1569,1.814013
1570,1.823755
1571,1.808217
1572,1.804374
1573,1.819846
1574,1.821798
1575,1.815953
1576,1.808217
1577,1.800547
1578,1.812077
1579,1.819846
1580,1.821798
1581,1.821798
1582,1.817897
1583,1.815953
1584,1.817897
1585,1.808217
1586,1.812077
1587,1.819846
1588,1.808217
1589,1.806294
1590,1.814013
1591,1.817897
1592,1.810145
1593,1.823755
1594,1.812077
1595,1.815953
1596,1.817897
1597,1.810145
1598,1.810145
1599,1.806294
1600,1.810145
1601,1.815953
1602,1.817897
1603,1.810145
1604,1.814013
1605,1.821798
1606,1.812077
1607,1.810145
1608,1.815953
1609,1.823755
1610,1.817897
1611,1.79864
1612,1.814013
1613,1.815953
1614,1.804374
1615,1.815953
1616,1.817897
1617,1.817897
1618,1.815953
1619,1.821798
1620,1.815953
1621,1.812077
1622,1.817897
1623,1.815953
1624,1.802459
1625,1.815953
1626,1.814013
1627,1.812077
1628,1.825716
1629,1.812077
1630,1.810145
1631,1.810145
1632,1.810145
1633,1.814013
1634,1.804374
1635,1.814013
1636,1.815953
1637,1.814013
1638,1.802459
1639,1.812077
1640,1.815953
1641,1.812077
1642,1.815953
1643,1.825716
1644,1.815953
1645,1.814013
1646,1.810145
1647,1.825716
1648,1.812077
1649,1.810145
1650,1.821798
1651,1.815953
1652,1.815953
1653,1.808217
1654,1.812077
1655,1.814013
1656,1.819846
1657,1.810145
1658,1.815953
1659,1.819846
1660,1.812077
1661,1.804374
1662,1.810145
1663,1.815953
1664,1.814013
1665,1.810145
1666,1.814013
1667,1.810145
1668,1.819846
1669,1.815953
1670,1.815953
1671,1.814013
1672,1.802459
1673,1.808217
1674,1.814013
1675,1.810145
1676,1.817897
1677,1.823755
1678,1.810145
1679,1.812077
1680,1.812077
1681,1.823755
1682,1.812077
1683,1.819846
1684,1.812077
1685,1.821798
1686,1.810145
1687,1.819846
1688,1.815953
1689,1.812077
1690,1.819846
1691,1.815953
1692,1.819846
1693,1.814013
1694,1.825716
1695,1.817897
1696,1.812077
1697,1.819846
1698,1.817897
1699,1.815953
1700,1.810145
1701,1.812077
1702,1.815953
1703,1.819846
1704,1.810145
1705,1.819846
1706,1.814013
1707,1.814013
1708,1.810145
1709,1.817897
1710,1.810145
1711,1.810145
1712,1.814013
1713,1.810145
1714,1.808217
1715,1.802459
1716,1.810145
1717,1.821798
1718,1.814013
1719,1.810145
1720,1.817897
1721,1.821798
1722,1.821798
1723,1.808217
1724,1.814013
1725,1.815953
1726,1.812077
1727,1.810145
1728,1.806294
1729,1.821798
1730,1.814013
1731,1.812077
1732,1.810145
1733,1.821798
1734,1.812077
1735,1.814013
1736,1.814013
1737,1.823755
1738,1.814013
1739,1.817897
1740,1.815953
1741,1.817897
1742,1.815953
1743,1.808217
1744,1.810145
1745,1.810145
1746,1.814013
1747,1.825716
1748,1.814013
1749,1.812077
1750,1.819846
1751,1.815953
1752,1.819846
1753,1.812077
1754,1.806294
1755,1.821798
1756,1.812077
1757,1.821798
1758,1.817897
1759,1.812077
1760,1.823755
1761,1.812077
1762,1.819846
1763,1.817897
1764,1.819846
1765,1.817897
1766,1.815953
1767,1.802459
1768,1.806294
1769,1.815953
1770,1.817897
1771,1.815953
1772,1.808217
1773,1.812077
1774,1.814013
1775,1.821798
1776,1.804374
1777,1.817897
1778,1.815953
1779,1.810145
1780,1.819846
1781,1.815953
1782,1.815953
1783,1.812077
1784,1.808217
1785,1.812077
1786,1.812077
1787,1.819846
1788,1.821798
1789,1.808217
1790,1.810145
1791,1.814013
1792,1.812077
1793,1.812077
1794,1.812077
1795,1.815953
1796,1.819846
1797,1.810145
1798,1.819846
1799,1.815953
1800,1.817897
1801,1.812077
1802,1.815953
1803,1.825716
1804,1.817897
1805,1.812077
1806,1.815953
1807,1.804374
1808,1.812077
1809,1.819846
1810,1.812077
1811,1.817897
1812,1.817897
1813,1.821798
1814,1.814013
1815,1.821798
1816,1.821798
1817,1.810145
1818,1.814013
1819,1.812077
1820,1.814013
1821,1.812077
1822,1.815953
1823,1.814013
1824,1.814013
1825,1.812077
1826,1.814013
1827,1.819846
1828,1.817897
1829,1.817897
1830,1.814013
1831,1.815953
1832,1.815953
1833,1.808217
1834,1.808217
1835,1.815953
1836,1.812077
1837,1.812077
1838,1.817897
1839,1.823755
1840,1.812077
1841,1.815953
1842,1.810145
1843,1.814013
1844,1.806294
1845,1.819846
1846,1.823755
1847,1.808217
1848,1.819846
1849,1.821798
1850,1.817897
1851,1.814013
1852,1.815953
1853,1.812077
1854,1.817897
1855,1.815953
1856,1.817897
1857,1.806294
1858,1.814013
1859,1.817897
1860,1.819846
1861,1.808217
1862,1.819846
1863,1.810145
1864,1.812077
1865,1.817897
1866,1.819846
1867,1.812077
1868,1.810145
1869,1.812077
1870,1.814013
1871,1.823755
1872,1.815953
1873,1.815953
1874,1.817897
1875,1.812077
1876,1.817897
1877,1.815953
1878,1.804374
1879,1.810145
1880,1.804374
1881,1.806294
1882,1.815953
1883,1.79864
1884,1.808217
1885,1.814013
1886,1.812077
1887,1.817897
1888,1.819846
1889,1.814013
1890,1.823755
1891,1.814013
1892,1.817897
1893,1.812077
1894,1.814013
1895,1.814013
1896,1.815953
1897,1.810145
1898,1.802459
1899,1.806294
1900,1.812077
1901,1.817897
1902,1.815953
1903,1.806294
1904,1.821798
1905,1.814013
1906,1.812077
1907,1.815953
1908,1.823755
1909,1.810145
1910,1.817897
1911,1.817897
1912,1.814013
1913,1.812077
1914,1.815953
1915,1.819846
1916,1.815953
1917,1.810145
1918,1.825716
1919,1.804374
1920,1.817897
1921,1.810145
1922,1.812077
1923,1.810145
1924,1.810145
1925,1.814013
1926,1.819846
1927,1.804374
1928,1.812077
1929,1.808217
1930,1.819846
1931,1.815953
1932,1.825716
1933,1.819846
1934,1.821798
1935,1.814013
1936,1.815953
1937,1.812077
1938,1.819846
1939,1.819846
1940,1.817897
1941,1.817897
1942,1.815953
1943,1.815953
1944,1.810145
1945,1.812077
1946,1.815953
1947,1.819846
1948,1.821798
1949,1.806294
1950,1.810145
1951,1.814013
1952,1.817897
1953,1.812077
1954,1.819846
1955,1.814013
1956,1.815953
1957,1.815953
1958,1.808217
1959,1.815953
1960,1.814013
1961,1.815953
1962,1.804374
1963,1.806294
1964,1.808217
1965,1.808217
1966,1.812077
1967,1.810145
1968,1.817897
1969,1.815953
1970,1.817897
1971,1.819846
1972,1.819846
1973,1.815953
1974,1.821798
1975,1.819846
1976,1.812077
1977,1.812077
1978,1.800547
1979,1.815953
1980,1.810145
1981,1.819846
1982,1.815953
1983,1.819846
1984,1.819846
1985,1.815953
1986,1.812077
1987,1.810145
1988,1.806294
1989,1.812077
1990,1.812077
1991,1.810145
1992,1.806294
1993,1.819846
1994,1.810145
1995,1.819846
1996,1.815953
1997,1.808217
1998,1.814013
1999,1.815953
2000,1.808217
